Workbook

Sheet 配货表
A1: =-LOOKUP(0,-LEFT(C1,ROW($1:$15))) -> 221122 | C1: 221122白色 | J1: 221122黑色
B2: 尺码 | C2: S | D2: M | E2: L | F2: XL | G2: XXL | H2: XXXL | J2: S | K2: M | L2: L | M2: XL | N2: XXL | O2: XXXL | P2: 合计
B3: 合计 | P3: =SUM(C3:O3) -> 0
B4: 剩余 | C4: =C3-SUM(C7:C40) -> -71 | D4: =D3-SUM(D7:D40) -> -63 | E4: =E3-SUM(E7:E40) -> -69 | F4: =F3-SUM(F7:F40) -> -68 | G4: =G3-SUM(G7:G40) -> -67 | H4: =H3-SUM(H7:H40) -> -67 | J4: =J3-SUM(J7:J40) -> -68 | K4: =K3-SUM(K7:K40) -> -66 | L4: =L3-SUM(L7:L40) -> -60 | M4: =M3-SUM(M7:M40) -> -71 | N4: =N3-SUM(N7:N40) -> -64 | O4: =O3-SUM(O7:O40) -> -70 | P4: =SUM(C4:O4) -> -804
Q5: =_xlfn.DISPIMG("ID_E749684447F94C0D9AAE19ED0E5EA504",1) -> =DISPIMG("ID_E749684447F94C0D9AAE19ED0E5EA504",1)
A7: A1 | B7: 兴义一 | C7: =RANDBETWEEN(1,3) -> 2 | D7: =RANDBETWEEN(1,3) -> 2 | E7: =RANDBETWEEN(1,3) -> 3 | F7: =RANDBETWEEN(1,3) -> 2 | G7: =RANDBETWEEN(1,3) -> 1 | H7: =RANDBETWEEN(1,3) -> 2 | J7: =RANDBETWEEN(1,3) -> 1 | K7: =RANDBETWEEN(1,3) -> 1 | L7: =RANDBETWEEN(1,3) -> 2 | M7: =RANDBETWEEN(1,3) -> 1 | N7: =RANDBETWEEN(1,3) -> 1 | O7: =RANDBETWEEN(1,3) -> 2 | P7: =SUM(C7:O7) -> 20
B8: 铜仁 | C8: =RANDBETWEEN(1,3) -> 1 | D8: =RANDBETWEEN(1,3) -> 1 | E8: =RANDBETWEEN(1,3) -> 3 | F8: =RANDBETWEEN(1,3) -> 1 | G8: =RANDBETWEEN(1,3) -> 3 | H8: =RANDBETWEEN(1,3) -> 3 | J8: =RANDBETWEEN(1,3) -> 3 | K8: =RANDBETWEEN(1,3) -> 1 | L8: =RANDBETWEEN(1,3) -> 1 | M8: =RANDBETWEEN(1,3) -> 3 | N8: =RANDBETWEEN(1,3) -> 3 | O8: =RANDBETWEEN(1,3) -> 2 | P8: =SUM(C8:O8) -> 25
A9: A2 | B9: 新华路 | C9: =RANDBETWEEN(1,3) -> 3 | D9: =RANDBETWEEN(1,3) -> 1 | E9: =RANDBETWEEN(1,3) -> 3 | F9: =RANDBETWEEN(1,3) -> 2 | G9: =RANDBETWEEN(1,3) -> 3 | H9: =RANDBETWEEN(1,3) -> 3 | J9: =RANDBETWEEN(1,3) -> 2 | K9: =RANDBETWEEN(1,3) -> 2 | L9: =RANDBETWEEN(1,3) -> 1 | M9: =RANDBETWEEN(1,3) -> 2 | N9: =RANDBETWEEN(1,3) -> 1 | O9: =RANDBETWEEN(1,3) -> 2 | P9: =SUM(C9:O9) -> 25
B10: 兴义二 | C10: =RANDBETWEEN(1,3) -> 1 | D10: =RANDBETWEEN(1,3) -> 2 | E10: =RANDBETWEEN(1,3) -> 2 | F10: =RANDBETWEEN(1,3) -> 2 | G10: =RANDBETWEEN(1,3) -> 3 | H10: =RANDBETWEEN(1,3) -> 2 | J10: =RANDBETWEEN(1,3) -> 3 | K10: =RANDBETWEEN(1,3) -> 3 | L10: =RANDBETWEEN(1,3) -> 1 | M10: =RANDBETWEEN(1,3) -> 3 | N10: =RANDBETWEEN(1,3) -> 2 | O10: =RANDBETWEEN(1,3) -> 2 | P10: =SUM(C10:O10) -> 26
B11: 德江 | C11: =RANDBETWEEN(1,3) -> 2 | D11: =RANDBETWEEN(1,3) -> 3 | E11: =RANDBETWEEN(1,3) -> 1 | F11: =RANDBETWEEN(1,3) -> 3 | G11: =RANDBETWEEN(1,3) -> 1 | H11: =RANDBETWEEN(1,3) -> 2 | J11: =RANDBETWEEN(1,3) -> 3 | K11: =RANDBETWEEN(1,3) -> 3 | L11: =RANDBETWEEN(1,3) -> 3 | M11: =RANDBETWEEN(1,3) -> 1 | N11: =RANDBETWEEN(1,3) -> 1 | O11: =RANDBETWEEN(1,3) -> 1 | P11: =SUM(C11:O11) -> 24
B12: 花二 | C12: =RANDBETWEEN(1,3) -> 2 | D12: =RANDBETWEEN(1,3) -> 2 | E12: =RANDBETWEEN(1,3) -> 3 | F12: =RANDBETWEEN(1,3) -> 1 | G12: =RANDBETWEEN(1,3) -> 1 | H12: =RANDBETWEEN(1,3) -> 2 | J12: =RANDBETWEEN(1,3) -> 1 | K12: =RANDBETWEEN(1,3) -> 3 | L12: =RANDBETWEEN(1,3) -> 2 | M12: =RANDBETWEEN(1,3) -> 1 | N12: =RANDBETWEEN(1,3) -> 1 | O12: =RANDBETWEEN(1,3) -> 3 | P12: =SUM(C12:O12) -> 22
A13: B | B13: 安龙一 | C13: =RANDBETWEEN(1,3) -> 1 | D13: =RANDBETWEEN(1,3) -> 1 | E13: =RANDBETWEEN(1,3) -> 1 | F13: =RANDBETWEEN(1,3) -> 2 | G13: =RANDBETWEEN(1,3) -> 1 | H13: =RANDBETWEEN(1,3) -> 2 | J13: =RANDBETWEEN(1,3) -> 2 | K13: =RANDBETWEEN(1,3) -> 3 | L13: =RANDBETWEEN(1,3) -> 3 | M13: =RANDBETWEEN(1,3) -> 1 | N13: =RANDBETWEEN(1,3) -> 1 | O13: =RANDBETWEEN(1,3) -> 3 | P13: =SUM(C13:O13) -> 21
B14: 普定 | C14: =RANDBETWEEN(1,3) -> 2 | D14: =RANDBETWEEN(1,3) -> 1 | E14: =RANDBETWEEN(1,3) -> 1 | F14: =RANDBETWEEN(1,3) -> 2 | G14: =RANDBETWEEN(1,3) -> 2 | H14: =RANDBETWEEN(1,3) -> 1 | J14: =RANDBETWEEN(1,3) -> 2 | K14: =RANDBETWEEN(1,3) -> 1 | L14: =RANDBETWEEN(1,3) -> 1 | M14: =RANDBETWEEN(1,3) -> 3 | N14: =RANDBETWEEN(1,3) -> 1 | O14: =RANDBETWEEN(1,3) -> 3 | P14: =SUM(C14:O14) -> 20
B15: 金阳一 | C15: =RANDBETWEEN(1,3) -> 1 | D15: =RANDBETWEEN(1,3) -> 3 | E15: =RANDBETWEEN(1,3) -> 1 | F15: =RANDBETWEEN(1,3) -> 1 | G15: =RANDBETWEEN(1,3) -> 2 | H15: =RANDBETWEEN(1,3) -> 3 | J15: =RANDBETWEEN(1,3) -> 3 | K15: =RANDBETWEEN(1,3) -> 1 | L15: =RANDBETWEEN(1,3) -> 3 | M15: =RANDBETWEEN(1,3) -> 3 | N15: =RANDBETWEEN(1,3) -> 2 | O15: =RANDBETWEEN(1,3) -> 3 | P15: =SUM(C15:O15) -> 26
A16: C1 | B16: 昌明 | C16: =RANDBETWEEN(1,3) -> 1 | D16: =RANDBETWEEN(1,3) -> 2 | E16: =RANDBETWEEN(1,3) -> 2 | F16: =RANDBETWEEN(1,3) -> 1 | G16: =RANDBETWEEN(1,3) -> 1 | H16: =RANDBETWEEN(1,3) -> 1 | J16: =RANDBETWEEN(1,3) -> 3 | K16: =RANDBETWEEN(1,3) -> 1 | L16: =RANDBETWEEN(1,3) -> 2 | M16: =RANDBETWEEN(1,3) -> 3 | N16: =RANDBETWEEN(1,3) -> 3 | O16: =RANDBETWEEN(1,3) -> 2 | P16: =SUM(C16:O16) -> 22
B17: 兴仁三 | C17: =RANDBETWEEN(1,3) -> 2 | D17: =RANDBETWEEN(1,3) -> 2 | E17: =RANDBETWEEN(1,3) -> 2 | F17: =RANDBETWEEN(1,3) -> 2 | G17: =RANDBETWEEN(1,3) -> 2 | H17: =RANDBETWEEN(1,3) -> 3 | J17: =RANDBETWEEN(1,3) -> 1 | K17: =RANDBETWEEN(1,3) -> 2 | L17: =RANDBETWEEN(1,3) -> 2 | M17: =RANDBETWEEN(1,3) -> 2 | N17: =RANDBETWEEN(1,3) -> 2 | O17: =RANDBETWEEN(1,3) -> 1 | P17: =SUM(C17:O17) -> 23
B18: 兴仁二 | C18: =RANDBETWEEN(1,3) -> 3 | D18: =RANDBETWEEN(1,3) -> 1 | E18: =RANDBETWEEN(1,3) -> 3 | F18: =RANDBETWEEN(1,3) -> 1 | G18: =RANDBETWEEN(1,3) -> 3 | H18: =RANDBETWEEN(1,3) -> 1 | J18: =RANDBETWEEN(1,3) -> 1 | K18: =RANDBETWEEN(1,3) -> 1 | L18: =RANDBETWEEN(1,3) -> 3 | M18: =RANDBETWEEN(1,3) -> 1 | N18: =RANDBETWEEN(1,3) -> 2 | O18: =RANDBETWEEN(1,3) -> 1 | P18: =SUM(C18:O18) -> 21
B19: 东路 | C19: =RANDBETWEEN(1,3) -> 1 | D19: =RANDBETWEEN(1,3) -> 2 | E19: =RANDBETWEEN(1,3) -> 1 | F19: =RANDBETWEEN(1,3) -> 1 | G19: =RANDBETWEEN(1,3) -> 3 | H19: =RANDBETWEEN(1,3) -> 2 | J19: =RANDBETWEEN(1,3) -> 3 | K19: =RANDBETWEEN(1,3) -> 2 | L19: =RANDBETWEEN(1,3) -> 3 | M19: =RANDBETWEEN(1,3) -> 2 | N19: =RANDBETWEEN(1,3) -> 1 | O19: =RANDBETWEEN(1,3) -> 2 | P19: =SUM(C19:O19) -> 23
B20: 花果园 | C20: =RANDBETWEEN(1,3) -> 2 | D20: =RANDBETWEEN(1,3) -> 3 | E20: =RANDBETWEEN(1,3) -> 1 | F20: =RANDBETWEEN(1,3) -> 1 | G20: =RANDBETWEEN(1,3) -> 3 | H20: =RANDBETWEEN(1,3) -> 1 | J20: =RANDBETWEEN(1,3) -> 1 | K20: =RANDBETWEEN(1,3) -> 3 | L20: =RANDBETWEEN(1,3) -> 1 | M20: =RANDBETWEEN(1,3) -> 3 | N20: =RANDBETWEEN(1,3) -> 1 | O20: =RANDBETWEEN(1,3) -> 3 | P20: =SUM(C20:O20) -> 23
B21: 中华路 | C21: =RANDBETWEEN(1,3) -> 1 | D21: =RANDBETWEEN(1,3) -> 2 | E21: =RANDBETWEEN(1,3) -> 2 | F21: =RANDBETWEEN(1,3) -> 3 | G21: =RANDBETWEEN(1,3) -> 2 | H21: =RANDBETWEEN(1,3) -> 3 | J21: =RANDBETWEEN(1,3) -> 2 | K21: =RANDBETWEEN(1,3) -> 2 | L21: =RANDBETWEEN(1,3) -> 2 | M21: =RANDBETWEEN(1,3) -> 3 | N21: =RANDBETWEEN(1,3) -> 3 | O21: =RANDBETWEEN(1,3) -> 1 | P21: =SUM(C21:O21) -> 26
A22: C2 | B22: 福泉 | C22: =RANDBETWEEN(1,3) -> 3 | D22: =RANDBETWEEN(1,3) -> 3 | E22: =RANDBETWEEN(1,3) -> 3 | F22: =RANDBETWEEN(1,3) -> 2 | G22: =RANDBETWEEN(1,3) -> 3 | H22: =RANDBETWEEN(1,3) -> 3 | J22: =RANDBETWEEN(1,3) -> 1 | K22: =RANDBETWEEN(1,3) -> 3 | L22: =RANDBETWEEN(1,3) -> 3 | M22: =RANDBETWEEN(1,3) -> 1 | N22: =RANDBETWEEN(1,3) -> 2 | O22: =RANDBETWEEN(1,3) -> 2 | P22: =SUM(C22:O22) -> 29
B23: 站街 | C23: =RANDBETWEEN(1,3) -> 3 | D23: =RANDBETWEEN(1,3) -> 3 | E23: =RANDBETWEEN(1,3) -> 1 | F23: =RANDBETWEEN(1,3) -> 2 | G23: =RANDBETWEEN(1,3) -> 1 | H23: =RANDBETWEEN(1,3) -> 2 | J23: =RANDBETWEEN(1,3) -> 2 | K23: =RANDBETWEEN(1,3) -> 1 | L23: =RANDBETWEEN(1,3) -> 2 | M23: =RANDBETWEEN(1,3) -> 2 | N23: =RANDBETWEEN(1,3) -> 3 | O23: =RANDBETWEEN(1,3) -> 2 | P23: =SUM(C23:O23) -> 24
B24: 龙广 | C24: =RANDBETWEEN(1,3) -> 3 | D24: =RANDBETWEEN(1,3) -> 2 | E24: =RANDBETWEEN(1,3) -> 2 | F24: =RANDBETWEEN(1,3) -> 2 | G24: =RANDBETWEEN(1,3) -> 2 | H24: =RANDBETWEEN(1,3) -> 3 | J24: =RANDBETWEEN(1,3) -> 3 | K24: =RANDBETWEEN(1,3) -> 1 | L24: =RANDBETWEEN(1,3) -> 1 | M24: =RANDBETWEEN(1,3) -> 1 | N24: =RANDBETWEEN(1,3) -> 3 | O24: =RANDBETWEEN(1,3) -> 3 | P24: =SUM(C24:O24) -> 26
B25: 牛场 | C25: =RANDBETWEEN(1,3) -> 2 | D25: =RANDBETWEEN(1,3) -> 2 | E25: =RANDBETWEEN(1,3) -> 3 | F25: =RANDBETWEEN(1,3) -> 2 | G25: =RANDBETWEEN(1,3) -> 1 | H25: =RANDBETWEEN(1,3) -> 3 | J25: =RANDBETWEEN(1,3) -> 3 | K25: =RANDBETWEEN(1,3) -> 1 | L25: =RANDBETWEEN(1,3) -> 2 | M25: =RANDBETWEEN(1,3) -> 1 | N25: =RANDBETWEEN(1,3) -> 2 | O25: =RANDBETWEEN(1,3) -> 2 | P25: =SUM(C25:O25) -> 24
B26: 顶效 | C26: =RANDBETWEEN(1,3) -> 3 | D26: =RANDBETWEEN(1,3) -> 1 | E26: =RANDBETWEEN(1,3) -> 1 | F26: =RANDBETWEEN(1,3) -> 1 | G26: =RANDBETWEEN(1,3) -> 3 | H26: =RANDBETWEEN(1,3) -> 3 | J26: =RANDBETWEEN(1,3) -> 3 | K26: =RANDBETWEEN(1,3) -> 1 | L26: =RANDBETWEEN(1,3) -> 1 | M26: =RANDBETWEEN(1,3) -> 1 | N26: =RANDBETWEEN(1,3) -> 1 | O26: =RANDBETWEEN(1,3) -> 3 | P26: =SUM(C26:O26) -> 22
B27: 者相 | C27: =RANDBETWEEN(1,3) -> 3 | D27: =RANDBETWEEN(1,3) -> 2 | E27: =RANDBETWEEN(1,3) -> 3 | F27: =RANDBETWEEN(1,3) -> 3 | G27: =RANDBETWEEN(1,3) -> 3 | H27: =RANDBETWEEN(1,3) -> 1 | J27: =RANDBETWEEN(1,3) -> 3 | K27: =RANDBETWEEN(1,3) -> 1 | L27: =RANDBETWEEN(1,3) -> 1 | M27: =RANDBETWEEN(1,3) -> 3 | N27: =RANDBETWEEN(1,3) -> 3 | O27: =RANDBETWEEN(1,3) -> 2 | P27: =SUM(C27:O27) -> 28
B28: 贞丰 | C28: =RANDBETWEEN(1,3) -> 1 | D28: =RANDBETWEEN(1,3) -> 2 | E28: =RANDBETWEEN(1,3) -> 3 | F28: =RANDBETWEEN(1,3) -> 3 | G28: =RANDBETWEEN(1,3) -> 1 | H28: =RANDBETWEEN(1,3) -> 2 | J28: =RANDBETWEEN(1,3) -> 1 | K28: =RANDBETWEEN(1,3) -> 3 | L28: =RANDBETWEEN(1,3) -> 2 | M28: =RANDBETWEEN(1,3) -> 3 | N28: =RANDBETWEEN(1,3) -> 3 | O28: =RANDBETWEEN(1,3) -> 2 | P28: =SUM(C28:O28) -> 26
B29: 大山 | C29: =RANDBETWEEN(1,3) -> 2 | D29: =RANDBETWEEN(1,3) -> 3 | E29: =RANDBETWEEN(1,3) -> 2 | F29: =RANDBETWEEN(1,3) -> 1 | G29: =RANDBETWEEN(1,3) -> 2 | H29: =RANDBETWEEN(1,3) -> 2 | J29: =RANDBETWEEN(1,3) -> 1 | K29: =RANDBETWEEN(1,3) -> 2 | L29: =RANDBETWEEN(1,3) -> 1 | M29: =RANDBETWEEN(1,3) -> 3 | N29: =RANDBETWEEN(1,3) -> 1 | O29: =RANDBETWEEN(1,3) -> 3 | P29: =SUM(C29:O29) -> 23
A30: C3 | B30: 扎佐 | C30: =RANDBETWEEN(1,3) -> 3 | D30: =RANDBETWEEN(1,3) -> 1 | E30: =RANDBETWEEN(1,3) -> 2 | F30: =RANDBETWEEN(1,3) -> 3 | G30: =RANDBETWEEN(1,3) -> 3 | H30: =RANDBETWEEN(1,3) -> 2 | J30: =RANDBETWEEN(1,3) -> 3 | K30: =RANDBETWEEN(1,3) -> 2 | L30: =RANDBETWEEN(1,3) -> 1 | M30: =RANDBETWEEN(1,3) -> 2 | N30: =RANDBETWEEN(1,3) -> 1 | O30: =RANDBETWEEN(1,3) -> 1 | P30: =SUM(C30:O30) -> 24
B31: 小河 | C31: =RANDBETWEEN(1,3) -> 1 | D31: =RANDBETWEEN(1,3) -> 1 | E31: =RANDBETWEEN(1,3) -> 1 | F31: =RANDBETWEEN(1,3) -> 2 | G31: =RANDBETWEEN(1,3) -> 1 | H31: =RANDBETWEEN(1,3) -> 2 | J31: =RANDBETWEEN(1,3) -> 2 | K31: =RANDBETWEEN(1,3) -> 1 | L31: =RANDBETWEEN(1,3) -> 1 | M31: =RANDBETWEEN(1,3) -> 2 | N31: =RANDBETWEEN(1,3) -> 1 | O31: =RANDBETWEEN(1,3) -> 3 | P31: =SUM(C31:O31) -> 18
B32: 安龙二 | C32: =RANDBETWEEN(1,3) -> 3 | D32: =RANDBETWEEN(1,3) -> 1 | E32: =RANDBETWEEN(1,3) -> 3 | F32: =RANDBETWEEN(1,3) -> 3 | G32: =RANDBETWEEN(1,3) -> 2 | H32: =RANDBETWEEN(1,3) -> 3 | J32: =RANDBETWEEN(1,3) -> 1 | K32: =RANDBETWEEN(1,3) -> 3 | L32: =RANDBETWEEN(1,3) -> 3 | M32: =RANDBETWEEN(1,3) -> 1 | N32: =RANDBETWEEN(1,3) -> 3 | O32: =RANDBETWEEN(1,3) -> 1 | P32: =SUM(C32:O32) -> 27
B33: 卫城 | C33: =RANDBETWEEN(1,3) -> 1 | D33: =RANDBETWEEN(1,3) -> 3 | E33: =RANDBETWEEN(1,3) -> 2 | F33: =RANDBETWEEN(1,3) -> 2 | G33: =RANDBETWEEN(1,3) -> 2 | H33: =RANDBETWEEN(1,3) -> 1 | J33: =RANDBETWEEN(1,3) -> 2 | K33: =RANDBETWEEN(1,3) -> 2 | L33: =RANDBETWEEN(1,3) -> 2 | M33: =RANDBETWEEN(1,3) -> 2 | N33: =RANDBETWEEN(1,3) -> 2 | O33: =RANDBETWEEN(1,3) -> 3 | P33: =SUM(C33:O33) -> 24
B34: 安顺 | C34: =RANDBETWEEN(1,3) -> 2 | D34: =RANDBETWEEN(1,3) -> 1 | E34: =RANDBETWEEN(1,3) -> 3 | F34: =RANDBETWEEN(1,3) -> 3 | G34: =RANDBETWEEN(1,3) -> 1 | H34: =RANDBETWEEN(1,3) -> 1 | J34: =RANDBETWEEN(1,3) -> 2 | K34: =RANDBETWEEN(1,3) -> 3 | L34: =RANDBETWEEN(1,3) -> 1 | M34: =RANDBETWEEN(1,3) -> 2 | N34: =RANDBETWEEN(1,3) -> 2 | O34: =RANDBETWEEN(1,3) -> 2 | P34: =SUM(C34:O34) -> 23
B35: 兴仁一 | C35: =RANDBETWEEN(1,3) -> 2 | D35: =RANDBETWEEN(1,3) -> 1 | E35: =RANDBETWEEN(1,3) -> 3 | F35: =RANDBETWEEN(1,3) -> 2 | G35: =RANDBETWEEN(1,3) -> 2 | H35: =RANDBETWEEN(1,3) -> 1 | J35: =RANDBETWEEN(1,3) -> 1 | K35: =RANDBETWEEN(1,3) -> 2 | L35: =RANDBETWEEN(1,3) -> 2 | M35: =RANDBETWEEN(1,3) -> 3 | N35: =RANDBETWEEN(1,3) -> 3 | O35: =RANDBETWEEN(1,3) -> 3 | P35: =SUM(C35:O35) -> 25
B36: 花一 | C36: =RANDBETWEEN(1,3) -> 3 | D36: =RANDBETWEEN(1,3) -> 3 | E36: =RANDBETWEEN(1,3) -> 3 | F36: =RANDBETWEEN(1,3) -> 3 | G36: =RANDBETWEEN(1,3) -> 3 | H36: =RANDBETWEEN(1,3) -> 1 | J36: =RANDBETWEEN(1,3) -> 2 | K36: =RANDBETWEEN(1,3) -> 2 | L36: =RANDBETWEEN(1,3) -> 1 | M36: =RANDBETWEEN(1,3) -> 2 | N36: =RANDBETWEEN(1,3) -> 2 | O36: =RANDBETWEEN(1,3) -> 1 | P36: =SUM(C36:O36) -> 26
B37: 南白 | C37: =RANDBETWEEN(1,3) -> 3 | D37: =RANDBETWEEN(1,3) -> 2 | E37: =RANDBETWEEN(1,3) -> 1 | F37: =RANDBETWEEN(1,3) -> 3 | G37: =RANDBETWEEN(1,3) -> 2 | H37: =RANDBETWEEN(1,3) -> 1 | J37: =RANDBETWEEN(1,3) -> 1 | K37: =RANDBETWEEN(1,3) -> 3 | L37: =RANDBETWEEN(1,3) -> 1 | M37: =RANDBETWEEN(1,3) -> 2 | N37: =RANDBETWEEN(1,3) -> 1 | O37: =RANDBETWEEN(1,3) -> 2 | P37: =SUM(C37:O37) -> 22
A38: D | B38: 翁安二 | C38: =RANDBETWEEN(1,3) -> 3 | D38: =RANDBETWEEN(1,3) -> 2 | E38: =RANDBETWEEN(1,3) -> 2 | F38: =RANDBETWEEN(1,3) -> 3 | G38: =RANDBETWEEN(1,3) -> 1 | H38: =RANDBETWEEN(1,3) -> 1 | J38: =RANDBETWEEN(1,3) -> 1 | K38: =RANDBETWEEN(1,3) -> 2 | L38: =RANDBETWEEN(1,3) -> 3 | M38: =RANDBETWEEN(1,3) -> 3 | N38: =RANDBETWEEN(1,3) -> 2 | O38: =RANDBETWEEN(1,3) -> 1 | P38: =SUM(C38:O38) -> 24
B39: 榕江 | C39: =RANDBETWEEN(1,3) -> 3 | D39: =RANDBETWEEN(1,3) -> 1 | E39: =RANDBETWEEN(1,3) -> 1 | F39: =RANDBETWEEN(1,3) -> 1 | G39: =RANDBETWEEN(1,3) -> 2 | H39: =RANDBETWEEN(1,3) -> 2 | J39: =RANDBETWEEN(1,3) -> 3 | K39: =RANDBETWEEN(1,3) -> 3 | L39: =RANDBETWEEN(1,3) -> 1 | M39: =RANDBETWEEN(1,3) -> 2 | N39: =RANDBETWEEN(1,3) -> 2 | O39: =RANDBETWEEN(1,3) -> 1 | P39: =SUM(C39:O39) -> 22
B40: 正安 | C40: =RANDBETWEEN(1,3) -> 2 | D40: =RANDBETWEEN(1,3) -> 1 | E40: =RANDBETWEEN(1,3) -> 1 | F40: =RANDBETWEEN(1,3) -> 2 | G40: =RANDBETWEEN(1,3) -> 1 | H40: =RANDBETWEEN(1,3) -> 2 | J40: =RANDBETWEEN(1,3) -> 2 | K40: =RANDBETWEEN(1,3) -> 1 | L40: =RANDBETWEEN(1,3) -> 1 | M40: =RANDBETWEEN(1,3) -> 3 | N40: =RANDBETWEEN(1,3) -> 2 | O40: =RANDBETWEEN(1,3) -> 2 | P40: =SUM(C40:O40) -> 20

Sheet 打印表
A1: =TODAY() -> 44728 | C1: =配货表!C1 -> 221122白色 | J1: =配货表!J1 -> 221122黑色
C2: S | D2: M | E2: L | F2: XL | G2: XXL | H2: XXXL | J2: S | K2: M | L2: L | M2: XL | N2: XXL | O2: XXXL
B3: 合计 | C3: =配货表!C3 -> 0 | D3: =配货表!D3 -> 0 | E3: =配货表!E3 -> 0 | F3: =配货表!F3 -> 0 | G3: =配货表!G3 -> 0 | H3: =配货表!H3 -> 0 | J3: =配货表!J3 -> 0 | K3: =配货表!K3 -> 0 | L3: =配货表!L3 -> 0 | M3: =配货表!M3 -> 0 | N3: =配货表!N3 -> 0 | O3: =配货表!O3 -> 0
A4: =SUM(C4:O4) -> 20 | B4: =配货表!B7 -> 兴义一 | C4: =配货表!C7 -> 2 | D4: =配货表!D7 -> 2 | E4: =配货表!E7 -> 3 | F4: =配货表!F7 -> 2 | G4: =配货表!G7 -> 1 | H4: =配货表!H7 -> 2 | J4: =配货表!J7 -> 1 | K4: =配货表!K7 -> 1 | L4: =配货表!L7 -> 2 | M4: =配货表!M7 -> 1 | N4: =配货表!N7 -> 1 | O4: =配货表!O7 -> 2
A6: =SUM(C6:O6) -> 25 | B6: =配货表!B8 -> 铜仁 | C6: =配货表!C8 -> 1 | D6: =配货表!D8 -> 1 | E6: =配货表!E8 -> 3 | F6: =配货表!F8 -> 1 | G6: =配货表!G8 -> 3 | H6: =配货表!H8 -> 3 | J6: =配货表!J8 -> 3 | K6: =配货表!K8 -> 1 | L6: =配货表!L8 -> 1 | M6: =配货表!M8 -> 3 | N6: =配货表!N8 -> 3 | O6: =配货表!O8 -> 2
A8: =SUM(C8:O8) -> 25 | B8: =配货表!B9 -> 新华路 | C8: =配货表!C9 -> 3 | D8: =配货表!D9 -> 1 | E8: =配货表!E9 -> 3 | F8: =配货表!F9 -> 2 | G8: =配货表!G9 -> 3 | H8: =配货表!H9 -> 3 | J8: =配货表!J9 -> 2 | K8: =配货表!K9 -> 2 | L8: =配货表!L9 -> 1 | M8: =配货表!M9 -> 2 | N8: =配货表!N9 -> 1 | O8: =配货表!O9 -> 2
A10: =SUM(C10:O10) -> 26 | B10: =配货表!B10 -> 兴义二 | C10: =配货表!C10 -> 1 | D10: =配货表!D10 -> 2 | E10: =配货表!E10 -> 2 | F10: =配货表!F10 -> 2 | G10: =配货表!G10 -> 3 | H10: =配货表!H10 -> 2 | J10: =配货表!J10 -> 3 | K10: =配货表!K10 -> 3 | L10: =配货表!L10 -> 1 | M10: =配货表!M10 -> 3 | N10: =配货表!N10 -> 2 | O10: =配货表!O10 -> 2
A12: =SUM(C12:O12) -> 24 | B12: =配货表!B11 -> 德江 | C12: =配货表!C11 -> 2 | D12: =配货表!D11 -> 3 | E12: =配货表!E11 -> 1 | F12: =配货表!F11 -> 3 | G12: =配货表!G11 -> 1 | H12: =配货表!H11 -> 2 | J12: =配货表!J11 -> 3 | K12: =配货表!K11 -> 3 | L12: =配货表!L11 -> 3 | M12: =配货表!M11 -> 1 | N12: =配货表!N11 -> 1 | O12: =配货表!O11 -> 1
A14: =SUM(C14:O14) -> 22 | B14: =配货表!B12 -> 花二 | C14: =配货表!C12 -> 2 | D14: =配货表!D12 -> 2 | E14: =配货表!E12 -> 3 | F14: =配货表!F12 -> 1 | G14: =配货表!G12 -> 1 | H14: =配货表!H12 -> 2 | J14: =配货表!J12 -> 1 | K14: =配货表!K12 -> 3 | L14: =配货表!L12 -> 2 | M14: =配货表!M12 -> 1 | N14: =配货表!N12 -> 1 | O14: =配货表!O12 -> 3
A16: =SUM(C16:O16) -> 21 | B16: =配货表!B13 -> 安龙一 | C16: =配货表!C13 -> 1 | D16: =配货表!D13 -> 1 | E16: =配货表!E13 -> 1 | F16: =配货表!F13 -> 2 | G16: =配货表!G13 -> 1 | H16: =配货表!H13 -> 2 | J16: =配货表!J13 -> 2 | K16: =配货表!K13 -> 3 | L16: =配货表!L13 -> 3 | M16: =配货表!M13 -> 1 | N16: =配货表!N13 -> 1 | O16: =配货表!O13 -> 3
A18: =SUM(C18:O18) -> 20 | B18: =配货表!B14 -> 普定 | C18: =配货表!C14 -> 2 | D18: =配货表!D14 -> 1 | E18: =配货表!E14 -> 1 | F18: =配货表!F14 -> 2 | G18: =配货表!G14 -> 2 | H18: =配货表!H14 -> 1 | J18: =配货表!J14 -> 2 | K18: =配货表!K14 -> 1 | L18: =配货表!L14 -> 1 | M18: =配货表!M14 -> 3 | N18: =配货表!N14 -> 1 | O18: =配货表!O14 -> 3
A20: =SUM(C20:O20) -> 26 | B20: =配货表!B15 -> 金阳一 | C20: =配货表!C15 -> 1 | D20: =配货表!D15 -> 3 | E20: =配货表!E15 -> 1 | F20: =配货表!F15 -> 1 | G20: =配货表!G15 -> 2 | H20: =配货表!H15 -> 3 | J20: =配货表!J15 -> 3 | K20: =配货表!K15 -> 1 | L20: =配货表!L15 -> 3 | M20: =配货表!M15 -> 3 | N20: =配货表!N15 -> 2 | O20: =配货表!O15 -> 3
A22: =SUM(C22:O22) -> 22 | B22: =配货表!B16 -> 昌明 | C22: =配货表!C16 -> 1 | D22: =配货表!D16 -> 2 | E22: =配货表!E16 -> 2 | F22: =配货表!F16 -> 1 | G22: =配货表!G16 -> 1 | H22: =配货表!H16 -> 1 | J22: =配货表!J16 -> 3 | K22: =配货表!K16 -> 1 | L22: =配货表!L16 -> 2 | M22: =配货表!M16 -> 3 | N22: =配货表!N16 -> 3 | O22: =配货表!O16 -> 2
A24: =SUM(C24:O24) -> 23 | B24: =配货表!B17 -> 兴仁三 | C24: =配货表!C17 -> 2 | D24: =配货表!D17 -> 2 | E24: =配货表!E17 -> 2 | F24: =配货表!F17 -> 2 | G24: =配货表!G17 -> 2 | H24: =配货表!H17 -> 3 | J24: =配货表!J17 -> 1 | K24: =配货表!K17 -> 2 | L24: =配货表!L17 -> 2 | M24: =配货表!M17 -> 2 | N24: =配货表!N17 -> 2 | O24: =配货表!O17 -> 1
A26: =SUM(C26:O26) -> 21 | B26: =配货表!B18 -> 兴仁二 | C26: =配货表!C18 -> 3 | D26: =配货表!D18 -> 1 | E26: =配货表!E18 -> 3 | F26: =配货表!F18 -> 1 | G26: =配货表!G18 -> 3 | H26: =配货表!H18 -> 1 | J26: =配货表!J18 -> 1 | K26: =配货表!K18 -> 1 | L26: =配货表!L18 -> 3 | M26: =配货表!M18 -> 1 | N26: =配货表!N18 -> 2 | O26: =配货表!O18 -> 1
A28: =SUM(C28:O28) -> 23 | B28: =配货表!B19 -> 东路 | C28: =配货表!C19 -> 1 | D28: =配货表!D19 -> 2 | E28: =配货表!E19 -> 1 | F28: =配货表!F19 -> 1 | G28: =配货表!G19 -> 3 | H28: =配货表!H19 -> 2 | J28: =配货表!J19 -> 3 | K28: =配货表!K19 -> 2 | L28: =配货表!L19 -> 3 | M28: =配货表!M19 -> 2 | N28: =配货表!N19 -> 1 | O28: =配货表!O19 -> 2
A30: =SUM(C30:O30) -> 23 | B30: =配货表!B20 -> 花果园 | C30: =配货表!C20 -> 2 | D30: =配货表!D20 -> 3 | E30: =配货表!E20 -> 1 | F30: =配货表!F20 -> 1 | G30: =配货表!G20 -> 3 | H30: =配货表!H20 -> 1 | J30: =配货表!J20 -> 1 | K30: =配货表!K20 -> 3 | L30: =配货表!L20 -> 1 | M30: =配货表!M20 -> 3 | N30: =配货表!N20 -> 1 | O30: =配货表!O20 -> 3
A32: =SUM(C32:O32) -> 26 | B32: =配货表!B21 -> 中华路 | C32: =配货表!C21 -> 1 | D32: =配货表!D21 -> 2 | E32: =配货表!E21 -> 2 | F32: =配货表!F21 -> 3 | G32: =配货表!G21 -> 2 | H32: =配货表!H21 -> 3 | J32: =配货表!J21 -> 2 | K32: =配货表!K21 -> 2 | L32: =配货表!L21 -> 2 | M32: =配货表!M21 -> 3 | N32: =配货表!N21 -> 3 | O32: =配货表!O21 -> 1
A34: =SUM(C34:O34) -> 29 | B34: =配货表!B22 -> 福泉 | C34: =配货表!C22 -> 3 | D34: =配货表!D22 -> 3 | E34: =配货表!E22 -> 3 | F34: =配货表!F22 -> 2 | G34: =配货表!G22 -> 3 | H34: =配货表!H22 -> 3 | J34: =配货表!J22 -> 1 | K34: =配货表!K22 -> 3 | L34: =配货表!L22 -> 3 | M34: =配货表!M22 -> 1 | N34: =配货表!N22 -> 2 | O34: =配货表!O22 -> 2
A36: =SUM(C36:O36) -> 24 | B36: =配货表!B23 -> 站街 | C36: =配货表!C23 -> 3 | D36: =配货表!D23 -> 3 | E36: =配货表!E23 -> 1 | F36: =配货表!F23 -> 2 | G36: =配货表!G23 -> 1 | H36: =配货表!H23 -> 2 | J36: =配货表!J23 -> 2 | K36: =配货表!K23 -> 1 | L36: =配货表!L23 -> 2 | M36: =配货表!M23 -> 2 | N36: =配货表!N23 -> 3 | O36: =配货表!O23 -> 2
A38: =SUM(C38:O38) -> 26 | B38: =配货表!B24 -> 龙广 | C38: =配货表!C24 -> 3 | D38: =配货表!D24 -> 2 | E38: =配货表!E24 -> 2 | F38: =配货表!F24 -> 2 | G38: =配货表!G24 -> 2 | H38: =配货表!H24 -> 3 | J38: =配货表!J24 -> 3 | K38: =配货表!K24 -> 1 | L38: =配货表!L24 -> 1 | M38: =配货表!M24 -> 1 | N38: =配货表!N24 -> 3 | O38: =配货表!O24 -> 3
A40: =SUM(C40:O40) -> 24 | B40: =配货表!B25 -> 牛场 | C40: =配货表!C25 -> 2 | D40: =配货表!D25 -> 2 | E40: =配货表!E25 -> 3 | F40: =配货表!F25 -> 2 | G40: =配货表!G25 -> 1 | H40: =配货表!H25 -> 3 | J40: =配货表!J25 -> 3 | K40: =配货表!K25 -> 1 | L40: =配货表!L25 -> 2 | M40: =配货表!M25 -> 1 | N40: =配货表!N25 -> 2 | O40: =配货表!O25 -> 2
A42: =SUM(C42:O42) -> 22 | B42: =配货表!B26 -> 顶效 | C42: =配货表!C26 -> 3 | D42: =配货表!D26 -> 1 | E42: =配货表!E26 -> 1 | F42: =配货表!F26 -> 1 | G42: =配货表!G26 -> 3 | H42: =配货表!H26 -> 3 | J42: =配货表!J26 -> 3 | K42: =配货表!K26 -> 1 | L42: =配货表!L26 -> 1 | M42: =配货表!M26 -> 1 | N42: =配货表!N26 -> 1 | O42: =配货表!O26 -> 3
A44: =SUM(C44:O44) -> 28 | B44: =配货表!B27 -> 者相 | C44: =配货表!C27 -> 3 | D44: =配货表!D27 -> 2 | E44: =配货表!E27 -> 3 | F44: =配货表!F27 -> 3 | G44: =配货表!G27 -> 3 | H44: =配货表!H27 -> 1 | J44: =配货表!J27 -> 3 | K44: =配货表!K27 -> 1 | L44: =配货表!L27 -> 1 | M44: =配货表!M27 -> 3 | N44: =配货表!N27 -> 3 | O44: =配货表!O27 -> 2
A46: =SUM(C46:O46) -> 26 | B46: =配货表!B28 -> 贞丰 | C46: =配货表!C28 -> 1 | D46: =配货表!D28 -> 2 | E46: =配货表!E28 -> 3 | F46: =配货表!F28 -> 3 | G46: =配货表!G28 -> 1 | H46: =配货表!H28 -> 2 | J46: =配货表!J28 -> 1 | K46: =配货表!K28 -> 3 | L46: =配货表!L28 -> 2 | M46: =配货表!M28 -> 3 | N46: =配货表!N28 -> 3 | O46: =配货表!O28 -> 2
A48: =SUM(C48:O48) -> 23 | B48: =配货表!B29 -> 大山 | C48: =配货表!C29 -> 2 | D48: =配货表!D29 -> 3 | E48: =配货表!E29 -> 2 | F48: =配货表!F29 -> 1 | G48: =配货表!G29 -> 2 | H48: =配货表!H29 -> 2 | J48: =配货表!J29 -> 1 | K48: =配货表!K29 -> 2 | L48: =配货表!L29 -> 1 | M48: =配货表!M29 -> 3 | N48: =配货表!N29 -> 1 | O48: =配货表!O29 -> 3
A50: =SUM(C50:O50) -> 24 | B50: =配货表!B30 -> 扎佐 | C50: =配货表!C30 -> 3 | D50: =配货表!D30 -> 1 | E50: =配货表!E30 -> 2 | F50: =配货表!F30 -> 3 | G50: =配货表!G30 -> 3 | H50: =配货表!H30 -> 2 | J50: =配货表!J30 -> 3 | K50: =配货表!K30 -> 2 | L50: =配货表!L30 -> 1 | M50: =配货表!M30 -> 2 | N50: =配货表!N30 -> 1 | O50: =配货表!O30 -> 1
A52: =SUM(C52:O52) -> 18 | B52: =配货表!B31 -> 小河 | C52: =配货表!C31 -> 1 | D52: =配货表!D31 -> 1 | E52: =配货表!E31 -> 1 | F52: =配货表!F31 -> 2 | G52: =配货表!G31 -> 1 | H52: =配货表!H31 -> 2 | J52: =配货表!J31 -> 2 | K52: =配货表!K31 -> 1 | L52: =配货表!L31 -> 1 | M52: =配货表!M31 -> 2 | N52: =配货表!N31 -> 1 | O52: =配货表!O31 -> 3
A54: =SUM(C54:O54) -> 27 | B54: =配货表!B32 -> 安龙二 | C54: =配货表!C32 -> 3 | D54: =配货表!D32 -> 1 | E54: =配货表!E32 -> 3 | F54: =配货表!F32 -> 3 | G54: =配货表!G32 -> 2 | H54: =配货表!H32 -> 3 | J54: =配货表!J32 -> 1 | K54: =配货表!K32 -> 3 | L54: =配货表!L32 -> 3 | M54: =配货表!M32 -> 1 | N54: =配货表!N32 -> 3 | O54: =配货表!O32 -> 1
A56: =SUM(C56:O56) -> 24 | B56: =配货表!B33 -> 卫城 | C56: =配货表!C33 -> 1 | D56: =配货表!D33 -> 3 | E56: =配货表!E33 -> 2 | F56: =配货表!F33 -> 2 | G56: =配货表!G33 -> 2 | H56: =配货表!H33 -> 1 | J56: =配货表!J33 -> 2 | K56: =配货表!K33 -> 2 | L56: =配货表!L33 -> 2 | M56: =配货表!M33 -> 2 | N56: =配货表!N33 -> 2 | O56: =配货表!O33 -> 3
A58: =SUM(C58:O58) -> 23 | B58: =配货表!B34 -> 安顺 | C58: =配货表!C34 -> 2 | D58: =配货表!D34 -> 1 | E58: =配货表!E34 -> 3 | F58: =配货表!F34 -> 3 | G58: =配货表!G34 -> 1 | H58: =配货表!H34 -> 1 | J58: =配货表!J34 -> 2 | K58: =配货表!K34 -> 3 | L58: =配货表!L34 -> 1 | M58: =配货表!M34 -> 2 | N58: =配货表!N34 -> 2 | O58: =配货表!O34 -> 2
A60: =SUM(C60:O60) -> 25 | B60: =配货表!B35 -> 兴仁一 | C60: =配货表!C35 -> 2 | D60: =配货表!D35 -> 1 | E60: =配货表!E35 -> 3 | F60: =配货表!F35 -> 2 | G60: =配货表!G35 -> 2 | H60: =配货表!H35 -> 1 | J60: =配货表!J35 -> 1 | K60: =配货表!K35 -> 2 | L60: =配货表!L35 -> 2 | M60: =配货表!M35 -> 3 | N60: =配货表!N35 -> 3 | O60: =配货表!O35 -> 3
A62: =SUM(C62:O62) -> 26 | B62: =配货表!B36 -> 花一 | C62: =配货表!C36 -> 3 | D62: =配货表!D36 -> 3 | E62: =配货表!E36 -> 3 | F62: =配货表!F36 -> 3 | G62: =配货表!G36 -> 3 | H62: =配货表!H36 -> 1 | J62: =配货表!J36 -> 2 | K62: =配货表!K36 -> 2 | L62: =配货表!L36 -> 1 | M62: =配货表!M36 -> 2 | N62: =配货表!N36 -> 2 | O62: =配货表!O36 -> 1
A64: =SUM(C64:O64) -> 22 | B64: =配货表!B37 -> 南白 | C64: =配货表!C37 -> 3 | D64: =配货表!D37 -> 2 | E64: =配货表!E37 -> 1 | F64: =配货表!F37 -> 3 | G64: =配货表!G37 -> 2 | H64: =配货表!H37 -> 1 | J64: =配货表!J37 -> 1 | K64: =配货表!K37 -> 3 | L64: =配货表!L37 -> 1 | M64: =配货表!M37 -> 2 | N64: =配货表!N37 -> 1 | O64: =配货表!O37 -> 2
A66: =SUM(C66:O66) -> 24 | B66: =配货表!B38 -> 翁安二 | C66: =配货表!C38 -> 3 | D66: =配货表!D38 -> 2 | E66: =配货表!E38 -> 2 | F66: =配货表!F38 -> 3 | G66: =配货表!G38 -> 1 | H66: =配货表!H38 -> 1 | J66: =配货表!J38 -> 1 | K66: =配货表!K38 -> 2 | L66: =配货表!L38 -> 3 | M66: =配货表!M38 -> 3 | N66: =配货表!N38 -> 2 | O66: =配货表!O38 -> 1
A68: =SUM(C68:O68) -> 22 | B68: =配货表!B39 -> 榕江 | C68: =配货表!C39 -> 3 | D68: =配货表!D39 -> 1 | E68: =配货表!E39 -> 1 | F68: =配货表!F39 -> 1 | G68: =配货表!G39 -> 2 | H68: =配货表!H39 -> 2 | J68: =配货表!J39 -> 3 | K68: =配货表!K39 -> 3 | L68: =配货表!L39 -> 1 | M68: =配货表!M39 -> 2 | N68: =配货表!N39 -> 2 | O68: =配货表!O39 -> 1
A70: =SUM(C70:O70) -> 20 | B70: =配货表!B40 -> 正安 | C70: =配货表!C40 -> 2 | D70: =配货表!D40 -> 1 | E70: =配货表!E40 -> 1 | F70: =配货表!F40 -> 2 | G70: =配货表!G40 -> 1 | H70: =配货表!H40 -> 2 | J70: =配货表!J40 -> 2 | K70: =配货表!K40 -> 1 | L70: =配货表!L40 -> 1 | M70: =配货表!M40 -> 3 | N70: =配货表!N40 -> 2 | O70: =配货表!O40 -> 2
